{"cameraMode":{"drawMode":0,"name":"Shaded","section":"Shading Mode"},"sceneLighting":true,"audioPlay":false,"sceneViewState":{"m_AlwaysRefresh":false,"showFog":true,"showSkybox":true,"showFlares":true,"showImageEffects":true,"showParticleSystems":true,"showVisualEffectGraphs":true,"m_FxEnabled":true},"in2DMode":false,"pivot":{"x":-19.51872444152832,"y":1.0251545906066895,"z":82.69093322753906},"rotation":{"x":-0.00047643418656662107,"y":0.9968225359916687,"z":-0.0794152319431305,"w":-0.005982330068945885},"size":2.5821497440338136,"orthographic":false}