{"cameraMode":{"drawMode":0,"name":"Shaded","section":"Shading Mode"},"sceneLighting":false,"audioPlay":false,"sceneViewState":{"m_AlwaysRefresh":false,"showFog":true,"showSkybox":false,"showFlares":true,"showImageEffects":true,"showParticleSystems":true,"showVisualEffectGraphs":true,"m_FxEnabled":false},"in2DMode":false,"pivot":{"x":0.026631832122802736,"y":1.8665975332260132,"z":-0.00966787338256836},"rotation":{"x":0.10147665441036225,"y":-0.49079278111457827,"z":0.05769218131899834,"w":0.8634050488471985},"size":5.228259563446045,"orthographic":false}